{"cameraMode":{"drawMode":0,"name":"Shaded","section":"Shading Mode"},"sceneLighting":false,"audioPlay":false,"sceneViewState":{"m_AlwaysRefresh":false,"showFog":true,"showSkybox":false,"showFlares":true,"showImageEffects":true,"showParticleSystems":true,"showVisualEffectGraphs":true,"m_FxEnabled":true},"in2DMode":false,"pivot":{"x":1.919037103652954,"y":0.6534839868545532,"z":13.592395782470704},"rotation":{"x":-0.11109839379787445,"y":-0.22543591260910035,"z":0.025845229625701906,"w":-0.9675780534744263},"size":3.781212091445923,"orthographic":false}