{"cameraMode":{"drawMode":0,"name":"Shaded","section":"Shading Mode"},"sceneLighting":true,"audioPlay":false,"sceneViewState":{"m_AlwaysRefresh":false,"showFog":true,"showSkybox":true,"showFlares":true,"showImageEffects":true,"showParticleSystems":true,"showVisualEffectGraphs":true,"m_FxEnabled":true},"in2DMode":false,"pivot":{"x":-0.4024792015552521,"y":9.276098251342774,"z":0.930428147315979},"rotation":{"x":-0.08867176622152329,"y":-0.023309413343667985,"z":0.0020646858029067518,"w":-0.9958045482635498},"size":3.5621817111968996,"orthographic":false}