{"cameraMode":{"drawMode":0,"name":"Shaded","section":"Shading Mode"},"sceneLighting":true,"audioPlay":false,"sceneViewState":{"m_AlwaysRefresh":false,"showFog":true,"showSkybox":true,"showFlares":true,"showImageEffects":true,"showParticleSystems":true,"showVisualEffectGraphs":true,"m_FxEnabled":true},"in2DMode":false,"pivot":{"x":-3.83764910697937,"y":5.604374408721924,"z":21.107528686523439},"rotation":{"x":0.14232692122459413,"y":0.007735121995210648,"z":-0.0010791135719045997,"w":0.989818274974823},"size":34.07071304321289,"orthographic":false}