{"cameraMode":{"drawMode":0,"name":"Shaded","section":"Shading Mode"},"sceneLighting":false,"audioPlay":false,"sceneViewState":{"m_AlwaysRefresh":false,"showFog":true,"showSkybox":false,"showFlares":true,"showImageEffects":true,"showParticleSystems":true,"showVisualEffectGraphs":true,"m_FxEnabled":true},"in2DMode":false,"pivot":{"x":1.1920928955078126e-7,"y":2.520042657852173,"z":0.6463841795921326},"rotation":{"x":-0.39152148365974429,"y":-0.010491671040654183,"z":0.004464687779545784,"w":-0.9200996160507202},"size":3.5845565795898439,"orthographic":false}