{"cameraMode":{"drawMode":0,"name":"Shaded","section":"Shading Mode"},"sceneLighting":false,"audioPlay":false,"sceneViewState":{"m_AlwaysRefresh":false,"showFog":true,"showSkybox":false,"showFlares":true,"showImageEffects":true,"showParticleSystems":true,"showVisualEffectGraphs":true,"m_FxEnabled":true},"in2DMode":false,"pivot":{"x":0.3992188274860382,"y":0.8348590135574341,"z":5.414733409881592},"rotation":{"x":-0.00661281356588006,"y":-0.958907961845398,"z":0.28282323479652407,"w":-0.02243754081428051},"size":0.7316756248474121,"orthographic":false}